21:22:30,E1, INFO [main], org.apache.hadoop.mapreduce.v2.app.MRAppMaster,E1, Created MRAppMaster for application appattempt_1520312829716_0001_000001,,,,,,,,,,
21:22:32,E2, INFO [main], org.apache.hadoop.mapreduce.v2.app.MRAppMaster,E2, Executing with tokens:,,,,,,,,,,
21:22:32,E3, INFO [main], org.apache.hadoop.mapreduce.v2.app.MRAppMaster,E3,Kind: YARN_AM_RM_TOKEN Service Ident (org.apache.hadoop.yarn.security.AMRMTokenIdentifier@1618346a),, ,,,,,,,,
21:22:33,E4, INFO [main], org.apache.hadoop.mapreduce.v2.app.MRAppMaster,E4, Using mapred newApiCommitter.,,,,,,,,,,
21:22:33,E5, INFO [main], org.apache.hadoop.mapreduce.v2.app.MRAppMaster,E5, OutputCommitter set in config null,,,,,,,,,,
21:22:33,E6, INFO [main], org.apache.hadoop.mapreduce.lib.output.FileOutputCommitter,E6, File Output Committer Algorithm version is 1,,,,,,,,,,
21:22:33,E7, INFO [main], org.apache.hadoop.mapreduce.lib.output.FileOutputCommitter,E7, FileOutputCommitter skip cleanup _temporary folders under output directory:false  ignore cleanup failures false,, ,,,,,,,,
21:22:34,E8, INFO [main], org.apache.hadoop.mapreduce.v2.app.MRAppMaster,E8, OutputCommitter is org.apache.hadoop.mapreduce.lib.output.FileOutputCommitter,,,,,,,,,,
21:22:35,E9, INFO [main], org.apache.hadoop.yarn.event.AsyncDispatcher,E9, Registering class org.apache.hadoop.mapreduce.jobhistory.EventType for class org.apache.hadoop.mapreduce.jobhistory.JobHistoryEventHandler,,,,,,,,,,
21:22:35,E9, INFO [main], org.apache.hadoop.yarn.event.AsyncDispatcher,E9, Registering class org.apache.hadoop.mapreduce.v2.app.job.event.JobEventType for class org.apache.hadoop.mapreduce.v2.app.MRAppMaster$JobEventDispatcher,,,,,,,,,,
21:22:35,E9, INFO [main], org.apache.hadoop.yarn.event.AsyncDispatcher,E9, Registering class org.apache.hadoop.mapreduce.v2.app.job.event.TaskEventType for class org.apache.hadoop.mapreduce.v2.app.MRAppMaster$TaskEventDispatcher,,,,,,,,,,
21:22:35,E9, INFO [main], org.apache.hadoop.yarn.event.AsyncDispatcher,E9, Registering class org.apache.hadoop.mapreduce.v2.app.job.event.TaskAttemptEventType for class org.apache.hadoop.mapreduce.v2.app.MRAppMaster$TaskAttemptEventDispatcher,,,,,,,,,,
21:22:35,E9, INFO [main], org.apache.hadoop.yarn.event.AsyncDispatcher,E9, Registering class org.apache.hadoop.mapreduce.v2.app.commit.CommitterEventType for class org.apache.hadoop.mapreduce.v2.app.commit.CommitterEventHandler,,,,,,,,,,
21:22:35,E9, INFO [main], org.apache.hadoop.yarn.event.AsyncDispatcher,E9, Registering class org.apache.hadoop.mapreduce.v2.app.speculate.Speculator$EventType for class org.apache.hadoop.mapreduce.v2.app.MRAppMaster$SpeculatorEventDispatcher,,,,,,,,,,
21:22:35,E9, INFO [main], org.apache.hadoop.yarn.event.AsyncDispatcher,E9, Registering class org.apache.hadoop.mapreduce.v2.app.rm.ContainerAllocator$EventType for class org.apache.hadoop.mapreduce.v2.app.MRAppMaster$ContainerAllocatorRouter,,,,,,,,,,
21:22:35,E9, INFO [main], org.apache.hadoop.yarn.event.AsyncDispatcher,E9, Registering class org.apache.hadoop.mapreduce.v2.app.launcher.ContainerLauncher$EventType for class org.apache.hadoop.mapreduce.v2.app.MRAppMaster$ContainerLauncherRouter,,,,,,,,,,
21:22:35,E10, INFO [main], org.apache.hadoop.mapreduce.v2.jobhistory.JobHistoryUtils,E10, Default file system [hdfs://quickstart.cloudera:8020],,,,,,,,,,
21:22:35,E10, INFO [main], org.apache.hadoop.mapreduce.v2.jobhistory.JobHistoryUtils,E10, Default file system [hdfs://quickstart.cloudera:8020],,,,,,,,,,
21:22:35,E10, INFO [main], org.apache.hadoop.mapreduce.v2.jobhistory.JobHistoryUtils,E10, Default file system [hdfs://quickstart.cloudera:8020],,,,,,,,,,
21:22:35,E11, INFO [main], org.apache.hadoop.mapreduce.jobhistory.JobHistoryEventHandler,E11, Perms after creating 488, Expected,504,,,,,,,,
21:22:35,E12, INFO [main], org.apache.hadoop.mapreduce.jobhistory.JobHistoryEventHandler,E12, Explicitly setting permissions to ,504, rwxrwx---,,,,,,,,
21:22:35,E13, INFO [main], org.apache.hadoop.mapreduce.jobhistory.JobHistoryEventHandler,E13, Emitting job history data to the timeline server is not enabled,,,,,,,,,,
21:22:35,E9, INFO [main], org.apache.hadoop.yarn.event.AsyncDispatcher,E9, Registering class org.apache.hadoop.mapreduce.v2.app.job.event.JobFinishEvent$Type for class org.apache.hadoop.mapreduce.v2.app.MRAppMaster$JobFinishEventHandler,,,,,,,,,,
21:22:35,E14, WARN [main], org.apache.hadoop.metrics2.impl.MetricsConfig,E14, Cannot locate configuration, tried hadoop-metrics2-mrappmaster.properties,hadoop-metrics2.properties,,,,,,,,
21:22:36,E15, INFO [main], org.apache.hadoop.metrics2.impl.MetricsSystemImpl,E15, Scheduled snapshot period at 10 second(s).,,,,,,,,,,
21:22:36,E16, INFO [main], org.apache.hadoop.metrics2.impl.MetricsSystemImpl,E16, MRAppMaster metrics system started,,,,,,,,,,
21:22:36,E17, INFO [main], org.apache.hadoop.mapreduce.v2.app.job.impl.JobImpl,E17, Adding job token for job_1520312829716_0001 to jobTokenSecretManager,,,,,,,,,,
21:22:36,E18, INFO [main], org.apache.hadoop.mapreduce.v2.app.job.impl.JobImpl,E18, Not uberizing job_1520312829716_0001 because, not enabled;,,,,,,,,,
21:22:36,E19, INFO [main], org.apache.hadoop.mapreduce.v2.app.job.impl.JobImpl,E19, Input size for job job_1520312829716_0001 = 14009. Number of splits = 4,,,,,,,,,,
21:22:36,E20, INFO [main], org.apache.hadoop.mapreduce.v2.app.job.impl.JobImpl,E20, Number of reduces for job job_1520312829716_0001 = 1,,,,,,,,,,
21:22:36,E21, INFO [main], org.apache.hadoop.mapreduce.v2.app.job.impl.JobImpl,E21, job_1520312829716_0001Job Transitioned from NEW to INITED,,,,,,,,,,
21:22:36,E22, INFO [main], org.apache.hadoop.mapreduce.v2.app.MRAppMaster,E22, MRAppMaster launching normal, non-uberized, multi-container job job_1520312829716_0001.,,,,,,,,
21:22:36,E23, INFO [main], org.apache.hadoop.ipc.CallQueueManager: Using callQueue,E23, class java.util.concurrent.LinkedBlockingQueue queueCapacity,100,,,,,,,,,
21:22:36,E24, INFO [Socket Reader #1 for port 57886], org.apache.hadoop.ipc.Server,E24, Starting Socket Reader #1 for port 57886,,,,,,,,,,
21:22:36,E25, INFO [main], org.apache.hadoop.yarn.factories.impl.pb.RpcServerFactoryPBImpl,E25, Adding protocol org.apache.hadoop.mapreduce.v2.api.MRClientProtocolPB to the server,,,,,,,,,,
21:22:36,E26, INFO [IPC Server Responder], org.apache.hadoop.ipc.Server,E26, IPC Server Responder: starting,,,,,,,,,,
21:22:36,E27, INFO [main], org.apache.hadoop.mapreduce.v2.app.client.MRClientService,E27, Instantiated MRClientService at quickstart.cloudera/127.0.0.1:57886,,,,,,,,,,
21:22:36,E26, INFO [IPC Server listener on 57886], org.apache.hadoop.ipc.Server,E26, IPC Server listener on 57886: starting,,,,,,,,,,
21:22:36,E27, INFO [main], org.mortbay.log,E27, Logging to org.slf4j.impl.Log4jLoggerAdapter(org.mortbay.log) via org.mortbay.log.Slf4jLog,,,,,,,,,,
21:22:36,E28, INFO [main], org.apache.hadoop.security.authentication.server.AuthenticationFilter,E28, Unable to initialize FileSignerSecretProvider, falling back to use random secrets.,,,,,,,,,
21:22:36,E29, INFO [main], org.apache.hadoop.http.HttpRequestLog,E29, Http request log for http.requests.mapreduce is not defined,,,,,,,,,,
21:22:36,E30, INFO [main], org.apache.hadoop.http.HttpServer2,E30, Added global filter 'safety' (class=org.apache.hadoop.http.HttpServer2$QuotingInputFilter),,,,,,,,,,
21:22:36,E31, INFO [main], org.apache.hadoop.http.HttpServer2,E31, Added filter AM_PROXY_FILTER (class=org.apache.hadoop.yarn.server.webproxy.amfilter.AmIpFilter) to context mapreduce,,,,,,,,,,
21:22:36,E31, INFO [main], org.apache.hadoop.http.HttpServer2,E31, Added filter AM_PROXY_FILTER (class=org.apache.hadoop.yarn.server.webproxy.amfilter.AmIpFilter) to context static,,,,,,,,,,
21:22:36,E32, INFO [main], org.apache.hadoop.http.HttpServer2,E32, adding path spec, /mapreduce/*,,,,,,,,,
21:22:36,E32, INFO [main], org.apache.hadoop.http.HttpServer2,E32, adding path spec, /ws/*,,,,,,,,,
21:22:36,E33, INFO [main], org.apache.hadoop.http.HttpServer2,E33, Jetty bound to port 44738,,,,,,,,,,
21:22:36,E34, INFO [main], org.mortbay.log,E34, jetty-6.1.26.cloudera.4,,,,,,,,,,
21:22:37,E35, INFO [main], org.mortbay.log,E35, Extract jar:file:/usr/lib/hadoop-yarn/hadoop-yarn-common-2.6.0-cdh5.12.0.jar!/webapps/mapreduce to /tmp/Jetty_0_0_0_0_44738_mapreduce____er54nx/webapp,,,,,,,,,,
21:22:37,E36, INFO [main], org.mortbay.log,E36, Started HttpServer2$SelectChannelConnectorWithSafeStartup@0.0.0.0:44738,,,,,,,,,,
21:22:37,E37, INFO [main], org.apache.hadoop.yarn.webapp.WebApps,E37, Web app /mapreduce started at 44738,,,,,,,,,,
21:22:38,E38, INFO [main], org.apache.hadoop.yarn.webapp.WebApps,E38, Registered webapp guice modules,,,,,,,,,,
21:22:38,E39, INFO [AsyncDispatcher event handler], org.apache.hadoop.mapreduce.v2.app.speculate.DefaultSpeculator,E39, JOB_CREATE job_1520312829716_0001,,,,,,,,,,
21:22:38,E23, INFO [main], org.apache.hadoop.ipc.CallQueueManager: Using callQueue,E23, class java.util.concurrent.LinkedBlockingQueue queueCapacity,3000,,,,,,,,,
21:22:38,E24, INFO [Socket Reader #1 for port 54295], org.apache.hadoop.ipc.Server,E24, Starting Socket Reader #1 for port 54295,,,,,,,,,,
21:22:38,E26, INFO [IPC Server Responder], org.apache.hadoop.ipc.Server,E26, IPC Server Responder: starting,,,,,,,,,,
21:22:38,E26, INFO [IPC Server listener on 54295], org.apache.hadoop.ipc.Server,E26, IPC Server listener on 54295: starting,,,,,,,,,,
21:22:38,E40, INFO [main], org.apache.hadoop.mapreduce.v2.app.rm.RMContainerRequestor,E40, nodeBlacklistingEnabled:true,,,,,,,,,,
21:22:38,E41, INFO [main], org.apache.hadoop.mapreduce.v2.app.rm.RMContainerRequestor,E41, maxTaskFailuresPerNode is 3,,,,,,,,,,
21:22:38,E42, INFO [main], org.apache.hadoop.mapreduce.v2.app.rm.RMContainerRequestor,E42, blacklistDisablePercent is 33,,,,,,,,,,
21:22:38,E43, INFO [main], org.apache.hadoop.yarn.client.RMProxy,E43, Connecting to ResourceManager at /0.0.0.0:8030,,,,,,,,,,
21:22:38,E44, INFO [main], org.apache.hadoop.mapreduce.v2.app.rm.RMContainerAllocator,E44, maxContainerCapability, <memory:8192, vCores:4>,,,,,,,,
21:22:38,E45, INFO [main], org.apache.hadoop.mapreduce.v2.app.rm.RMContainerAllocator,E45, queue, root.cloudera,,,,,,,,,
21:22:38,E46, INFO [main], org.apache.hadoop.mapreduce.v2.app.launcher.ContainerLauncherImpl,E46, Upper limit on the thread pool size is 500,,,,,,,,,,
21:22:38,E46, INFO [main], org.apache.hadoop.mapreduce.v2.app.launcher.ContainerLauncherImpl,E46, The thread pool initial size is 10,,,,,,,,,,
21:22:38,E21, INFO [AsyncDispatcher event handler], org.apache.hadoop.mapreduce.v2.app.job.impl.JobImpl,E21, job_1520312829716_0001Job Transitioned from INITED to SETUP,,,,,,,,,,
21:22:38,E47, INFO [CommitterEvent Processor #0], org.apache.hadoop.mapreduce.v2.app.commit.CommitterEventHandler,E47, Processing the event EventType, JOB_SETUP,,,,,,,,,
21:22:38,E21, INFO [AsyncDispatcher event handler], org.apache.hadoop.mapreduce.v2.app.job.impl.JobImpl,E21, job_1520312829716_0001Job Transitioned from SETUP to RUNNING,,,,,,,,,,
21:22:39,E48, INFO [AsyncDispatcher event handler], org.apache.hadoop.mapreduce.v2.app.job.impl.TaskImpl,E48, task_1520312829716_0001_m_000000 Task Transitioned from NEW to SCHEDULED,,,,,,,,,,
21:22:39,E48, INFO [AsyncDispatcher event handler], org.apache.hadoop.mapreduce.v2.app.job.impl.TaskImpl,E48, task_1520312829716_0001_m_000001 Task Transitioned from NEW to SCHEDULED,,,,,,,,,,
21:22:39,E48, INFO [AsyncDispatcher event handler], org.apache.hadoop.mapreduce.v2.app.job.impl.TaskImpl,E48, task_1520312829716_0001_m_000002 Task Transitioned from NEW to SCHEDULED,,,,,,,,,,
21:22:39,E48, INFO [AsyncDispatcher event handler], org.apache.hadoop.mapreduce.v2.app.job.impl.TaskImpl,E48, task_1520312829716_0001_m_000003 Task Transitioned from NEW to SCHEDULED,,,,,,,,,,
21:22:39,E48, INFO [AsyncDispatcher event handler], org.apache.hadoop.mapreduce.v2.app.job.impl.TaskImpl,E48, task_1520312829716_0001_r_000000 Task Transitioned from NEW to SCHEDULED,,,,,,,,,,
21:22:39,E49, INFO [AsyncDispatcher event handler], org.apache.hadoop.mapreduce.v2.app.job.impl.TaskAttemptImpl,E49, attempt_1520312829716_0001_m_000000_0 TaskAttempt Transitioned from NEW to UNASSIGNED,,,,,,,,,,
21:22:39,E49, INFO [AsyncDispatcher event handler], org.apache.hadoop.mapreduce.v2.app.job.impl.TaskAttemptImpl,E49, attempt_1520312829716_0001_m_000001_0 TaskAttempt Transitioned from NEW to UNASSIGNED,,,,,,,,,,
21:22:39,E49, INFO [AsyncDispatcher event handler], org.apache.hadoop.mapreduce.v2.app.job.impl.TaskAttemptImpl,E49, attempt_1520312829716_0001_m_000002_0 TaskAttempt Transitioned from NEW to UNASSIGNED,,,,,,,,,,
21:22:39,E49, INFO [AsyncDispatcher event handler], org.apache.hadoop.mapreduce.v2.app.job.impl.TaskAttemptImpl,E49, attempt_1520312829716_0001_m_000003_0 TaskAttempt Transitioned from NEW to UNASSIGNED,,,,,,,,,,
21:22:39,E49, INFO [AsyncDispatcher event handler], org.apache.hadoop.mapreduce.v2.app.job.impl.TaskAttemptImpl,E49, attempt_1520312829716_0001_r_000000_0 TaskAttempt Transitioned from NEW to UNASSIGNED,,,,,,,,,,
21:22:39,E50, INFO [Thread-53], org.apache.hadoop.mapreduce.v2.app.rm.RMContainerAllocator,E50, mapResourceRequest:<memory:1024, vCores:1>,,,,,,,,,
21:22:39,E51, INFO [Thread-53], org.apache.hadoop.mapreduce.v2.app.rm.RMContainerAllocator,E51, reduceResourceRequest:<memory:1024, vCores:1>,,,,,,,,,
21:22:39,E52, INFO [eventHandlingThread], org.apache.hadoop.mapreduce.jobhistory.JobHistoryEventHandler,E52, Event Writer setup for JobId job_1520312829716_0001, File, hdfs://quickstart.cloudera:8020/tmp/hadoop-yarn/staging/cloudera/.staging/job_1520312829716_0001/job_1520312829716_0001_1.jhist,,,,,,,,
21:22:39,E53, INFO [RMCommunicator Allocator], org.apache.hadoop.mapreduce.v2.app.rm.RMContainerAllocator,E53, Before Scheduling, PendingReds:1 ScheduledMaps:4 ScheduledReds:0 AssignedMaps:0 AssignedReds:0 CompletedMaps:0 CompletedReds:0 ContAlloc:0 ContRel:0 HostLocal:0 RackLocal:0,,,,,,,,,
21:22:40,E10, INFO [eventHandlingThread], org.apache.hadoop.mapreduce.v2.jobhistory.JobHistoryUtils,E10, Default file system [hdfs://quickstart.cloudera:8020],,,,,,,,,,
21:22:40,E54, INFO [RMCommunicator Allocator], org.apache.hadoop.mapreduce.v2.app.rm.RMContainerRequestor,E54, getResources() for application_1520312829716_0001, ask=3 release= 0 newContainers=0 finishedContainers=0 resourcelimit=<memory:6144, vCores:7> knownNMs=1,,,,,,,,
21:22:40,E55, INFO [RMCommunicator Allocator], org.apache.hadoop.mapreduce.v2.app.rm.RMContainerAllocator,E55, Recalculating schedule, headroom=<memory:6144, vCores:7>,,,,,,,,
21:22:40,E56, INFO [RMCommunicator Allocator], org.apache.hadoop.mapreduce.v2.app.rm.RMContainerAllocator,E56, Reduce slow start threshold not met. completedMapsForReduceSlowstart 1,,,,,,,,,,
21:22:41,E57, INFO [RMCommunicator Allocator], org.apache.hadoop.mapreduce.v2.app.rm.RMContainerAllocator,E57, Got allocated containers 1,,,,,,,,,,
21:22:41,E58, INFO [RMCommunicator Allocator], org.apache.hadoop.mapreduce.v2.app.rm.RMContainerAllocator,E58, Assigned container container_1520312829716_0001_01_000002 to attempt_1520312829716_0001_m_000000_0,,,,,,,,,,
21:22:41,E55, INFO [RMCommunicator Allocator], org.apache.hadoop.mapreduce.v2.app.rm.RMContainerAllocator,E55, Recalculating schedule, headroom=<memory:5120, vCores:6>,,,,,,,,
21:22:41,E56, INFO [RMCommunicator Allocator], org.apache.hadoop.mapreduce.v2.app.rm.RMContainerAllocator,E56, Reduce slow start threshold not met. completedMapsForReduceSlowstart 1,,,,,,,,,,
21:22:41,E59, INFO [RMCommunicator Allocator], org.apache.hadoop.mapreduce.v2.app.rm.RMContainerAllocator,E59, After Scheduling, PendingReds:1 ScheduledMaps:3 ScheduledReds:0 AssignedMaps:1 AssignedReds:0 CompletedMaps:0 CompletedReds:0 ContAlloc:1 ContRel:0 HostLocal:1 RackLocal:0,,,,,,,,,
21:22:41,E60, INFO [AsyncDispatcher event handler], org.apache.hadoop.mapreduce.v2.app.job.impl.TaskAttemptImpl,E60, The job-jar file on the remote FS is hdfs://quickstart.cloudera:8020/tmp/hadoop-yarn/staging/cloudera/.staging/job_1520312829716_0001/job.jar,,,,,,,,,,
21:22:41,E61, INFO [AsyncDispatcher event handler], org.apache.hadoop.mapreduce.v2.app.job.impl.TaskAttemptImpl,E61, The job-conf file on the remote FS is /tmp/hadoop-yarn/staging/cloudera/.staging/job_1520312829716_0001/job.xml,,,,,,,,,,
21:22:41,E62, INFO [AsyncDispatcher event handler], org.apache.hadoop.mapreduce.v2.app.job.impl.TaskAttemptImpl,E62, Adding #0 tokens and #1 secret keys for NM use for launching container,,,,,,,,,,
21:22:41,E63, INFO [AsyncDispatcher event handler], org.apache.hadoop.mapreduce.v2.app.job.impl.TaskAttemptImpl,E63, Size of containertokens_dob is 1,,,,,,,,,,
21:22:41,E64, INFO [AsyncDispatcher event handler], org.apache.hadoop.mapreduce.v2.app.job.impl.TaskAttemptImpl,E64, Putting shuffle token in serviceData,,,,,,,,,,
21:22:41,E65, INFO [AsyncDispatcher event handler], org.apache.hadoop.mapred.JobConf,E65, Task java-opts do not specify heap size. Setting task attempt jvm max heap size to -Xmx820m,,,,,,,,,,
21:22:41,E66, INFO [AsyncDispatcher event handler], org.apache.hadoop.mapreduce.v2.app.job.impl.TaskAttemptImpl,E66, attempt_1520312829716_0001_m_000000_0 TaskAttempt Transitioned from UNASSIGNED to ASSIGNED,,,,,,,,,,
21:22:41,E67, INFO [ContainerLauncher #0], org.apache.hadoop.mapreduce.v2.app.launcher.ContainerLauncherImpl,E67, Processing the event EventType, CONTAINER_REMOTE_LAUNCH for container container_1520312829716_0001_01_000002 taskAttempt attempt_1520312829716_0001_m_000000_0,,,,,,,,,
21:22:41,E71, INFO [ContainerLauncher #0], org.apache.hadoop.mapreduce.v2.app.launcher.ContainerLauncherImpl,E71, Launching attempt_1520312829716_0001_m_000000_0,,,,,,,,,,
21:22:42,E72, INFO [ContainerLauncher #0], org.apache.hadoop.mapreduce.v2.app.launcher.ContainerLauncherImpl,E72, Shuffle port returned by ContainerManager for attempt_1520312829716_0001_m_000000_0 ,13562,,,,,,,,,
21:22:42,E73, INFO [AsyncDispatcher event handler], org.apache.hadoop.mapreduce.v2.app.job.impl.TaskAttemptImpl,E73, TaskAttempt: [attempt_1520312829716_0001_m_000000_0] using containerId [container_1520312829716_0001_01_000002 on NM, [quickstart.cloudera:42157],,,,,,,,,
21:22:42,E74, INFO [AsyncDispatcher event handler], org.apache.hadoop.mapreduce.v2.app.job.impl.TaskAttemptImpl,E74, attempt_1520312829716_0001_m_000000_0 TaskAttempt Transitioned from ASSIGNED to RUNNING,,,,,,,,,,
21:22:42,E75, INFO [AsyncDispatcher event handler], org.apache.hadoop.mapreduce.v2.app.speculate.DefaultSpeculator,E75, ATTEMPT_START task_1520312829716_0001_m_000000,,,,,,,,,,
21:22:42,E76, INFO [AsyncDispatcher event handler], org.apache.hadoop.mapreduce.v2.app.job.impl.TaskImpl,E76, task_1520312829716_0001_m_000000 Task Transitioned from SCHEDULED to RUNNING,,,,,,,,,,
21:22:42,E54, INFO [RMCommunicator Allocator], org.apache.hadoop.mapreduce.v2.app.rm.RMContainerRequestor,E54, getResources() for application_1520312829716_0001, ask=3 release= 0 newContainers=1 finishedContainers=0 resourcelimit=<memory:4096, vCores:5> knownNMs=1,,,,,,,,
21:22:42,E57, INFO [RMCommunicator Allocator], org.apache.hadoop.mapreduce.v2.app.rm.RMContainerAllocator,E57, Got allocated containers 1,,,,,,,,,,
21:22:42,E65, INFO [AsyncDispatcher event handler], org.apache.hadoop.mapred.JobConf,E65, Task java-opts do not specify heap size. Setting task attempt jvm max heap size to -Xmx820m,,,,,,,,,,
21:22:42,E66, INFO [AsyncDispatcher event handler], org.apache.hadoop.mapreduce.v2.app.job.impl.TaskAttemptImpl,E66, attempt_1520312829716_0001_m_000001_0 TaskAttempt Transitioned from UNASSIGNED to ASSIGNED,,,,,,,,,,
21:22:42,E58, INFO [RMCommunicator Allocator], org.apache.hadoop.mapreduce.v2.app.rm.RMContainerAllocator,E58, Assigned container container_1520312829716_0001_01_000003 to attempt_1520312829716_0001_m_000001_0,,,,,,,,,,
21:22:42,E55, INFO [RMCommunicator Allocator], org.apache.hadoop.mapreduce.v2.app.rm.RMContainerAllocator,E55, Recalculating schedule, headroom=<memory:4096, vCores:5>,,,,,,,,
21:22:42,E56, INFO [RMCommunicator Allocator], org.apache.hadoop.mapreduce.v2.app.rm.RMContainerAllocator,E56, Reduce slow start threshold not met. completedMapsForReduceSlowstart 1,,,,,,,,,,
21:22:42,E59, INFO [RMCommunicator Allocator], org.apache.hadoop.mapreduce.v2.app.rm.RMContainerAllocator,E59, After Scheduling, PendingReds:1 ScheduledMaps:2 ScheduledReds:0 AssignedMaps:2 AssignedReds:0 CompletedMaps:0 CompletedReds:0 ContAlloc:2 ContRel:0 HostLocal:2 RackLocal:0,,,,,,,,,
21:22:42,E67, INFO [ContainerLauncher #1], org.apache.hadoop.mapreduce.v2.app.launcher.ContainerLauncherImpl,E67, Processing the event EventType, CONTAINER_REMOTE_LAUNCH for container container_1520312829716_0001_01_000003 taskAttempt attempt_1520312829716_0001_m_000001_0,,,,,,,,,
21:22:42,E71, INFO [ContainerLauncher #1], org.apache.hadoop.mapreduce.v2.app.launcher.ContainerLauncherImpl,E71, Launching attempt_1520312829716_0001_m_000001_0,,,,,,,,,,
21:22:42,E72, INFO [ContainerLauncher #1], org.apache.hadoop.mapreduce.v2.app.launcher.ContainerLauncherImpl,E72, Shuffle port returned by ContainerManager for attempt_1520312829716_0001_m_000001_0 ,13562,,,,,,,,,
21:22:42,E73, INFO [AsyncDispatcher event handler], org.apache.hadoop.mapreduce.v2.app.job.impl.TaskAttemptImpl,E73,TaskAttempt: [attempt_1520312829716_0001_m_000001_0] using containerId [container_1520312829716_0001_01_000003 on NM, [quickstart.cloudera:42157],,,,,,,,,
21:22:42,E74, INFO [AsyncDispatcher event handler], org.apache.hadoop.mapreduce.v2.app.job.impl.TaskAttemptImpl,E74, attempt_1520312829716_0001_m_000001_0 TaskAttempt Transitioned from ASSIGNED to RUNNING,,,,,,,,,,
21:22:42,E75, INFO [AsyncDispatcher event handler], org.apache.hadoop.mapreduce.v2.app.speculate.DefaultSpeculator,E75, ATTEMPT_START task_1520312829716_0001_m_000001,,,,,,,,,,
21:22:42,E76, INFO [AsyncDispatcher event handler], org.apache.hadoop.mapreduce.v2.app.job.impl.TaskImpl,E76, task_1520312829716_0001_m_000001 Task Transitioned from SCHEDULED to RUNNING,,,,,,,,,,
21:22:43,E54, INFO [RMCommunicator Allocator], org.apache.hadoop.mapreduce.v2.app.rm.RMContainerRequestor,E54, getResources() for application_1520312829716_0001, ask=3 release= 0 newContainers=1 finishedContainers=0 resourcelimit=<memory:3072, vCores:4> knownNMs=1,,,,,,,,
21:22:43,E57, INFO [RMCommunicator Allocator], org.apache.hadoop.mapreduce.v2.app.rm.RMContainerAllocator,E57, Got allocated containers 1,,,,,,,,,,
21:22:43,E65, INFO [AsyncDispatcher event handler], org.apache.hadoop.mapred.JobConf,E65, Task java-opts do not specify heap size. Setting task attempt jvm max heap size to -Xmx820m,,,,,,,,,,
21:22:43,E66, INFO [AsyncDispatcher event handler], org.apache.hadoop.mapreduce.v2.app.job.impl.TaskAttemptImpl,E66, attempt_1520312829716_0001_m_000002_0 TaskAttempt Transitioned from UNASSIGNED to ASSIGNED,,,,,,,,,,
21:22:43,E58, INFO [RMCommunicator Allocator], org.apache.hadoop.mapreduce.v2.app.rm.RMContainerAllocator,E58, Assigned container container_1520312829716_0001_01_000004 to attempt_1520312829716_0001_m_000002_0,,,,,,,,,,
21:22:43,E55, INFO [RMCommunicator Allocator], org.apache.hadoop.mapreduce.v2.app.rm.RMContainerAllocator,E55, Recalculating schedule, headroom=<memory:3072, vCores:4>,,,,,,,,
21:22:43,E56, INFO [RMCommunicator Allocator], org.apache.hadoop.mapreduce.v2.app.rm.RMContainerAllocator,E56, Reduce slow start threshold not met. completedMapsForReduceSlowstart 1,,,,,,,,,,
21:22:43,E59, INFO [RMCommunicator Allocator], org.apache.hadoop.mapreduce.v2.app.rm.RMContainerAllocator,E59, After Scheduling, PendingReds:1 ScheduledMaps:1 ScheduledReds:0 AssignedMaps:3 AssignedReds:0 CompletedMaps:0 CompletedReds:0 ContAlloc:3 ContRel:0 HostLocal:3 RackLocal:0,,,,,,,,,
21:22:43,E67, INFO [ContainerLauncher #2], org.apache.hadoop.mapreduce.v2.app.launcher.ContainerLauncherImpl,E67, Processing the event EventType, CONTAINER_REMOTE_LAUNCH for container container_1520312829716_0001_01_000004 taskAttempt attempt_1520312829716_0001_m_000002_0,,,,,,,,,
21:22:43,E71, INFO [ContainerLauncher #2], org.apache.hadoop.mapreduce.v2.app.launcher.ContainerLauncherImpl,E71, Launching attempt_1520312829716_0001_m_000002_0,,,,,,,,,,
21:22:43,E72, INFO [ContainerLauncher #2], org.apache.hadoop.mapreduce.v2.app.launcher.ContainerLauncherImpl,E72, Shuffle port returned by ContainerManager for attempt_1520312829716_0001_m_000002_0 ,13562,,,,,,,,,
21:22:43,E73, INFO [AsyncDispatcher event handler], org.apache.hadoop.mapreduce.v2.app.job.impl.TaskAttemptImpl,E73,TaskAttempt: [attempt_1520312829716_0001_m_000002_0] using containerId [container_1520312829716_0001_01_000004 on NM, [quickstart.cloudera:42157],,,,,,,,,
21:22:43,E74, INFO [AsyncDispatcher event handler], org.apache.hadoop.mapreduce.v2.app.job.impl.TaskAttemptImpl,E74, attempt_1520312829716_0001_m_000002_0 TaskAttempt Transitioned from ASSIGNED to RUNNING,,,,,,,,,,
21:22:43,E75, INFO [AsyncDispatcher event handler], org.apache.hadoop.mapreduce.v2.app.speculate.DefaultSpeculator,E75, ATTEMPT_START task_1520312829716_0001_m_000002,,,,,,,,,,
21:22:43,E76, INFO [AsyncDispatcher event handler], org.apache.hadoop.mapreduce.v2.app.job.impl.TaskImpl,E76, task_1520312829716_0001_m_000002 Task Transitioned from SCHEDULED to RUNNING,,,,,,,,,,
21:22:44,E54, INFO [RMCommunicator Allocator], org.apache.hadoop.mapreduce.v2.app.rm.RMContainerRequestor,E54, getResources() for application_1520312829716_0001, ask=3 release= 0 newContainers=1 finishedContainers=0 resourcelimit=<memory:2048, vCores:3> knownNMs=1,,,,,,,,
21:22:44,E57, INFO [RMCommunicator Allocator], org.apache.hadoop.mapreduce.v2.app.rm.RMContainerAllocator,E57, Got allocated containers 1,,,,,,,,,,
21:22:44,E65, INFO [AsyncDispatcher event handler], org.apache.hadoop.mapred.JobConf,E65, Task java-opts do not specify heap size. Setting task attempt jvm max heap size to -Xmx820m,,,,,,,,,,
21:22:44,E58, INFO [RMCommunicator Allocator], org.apache.hadoop.mapreduce.v2.app.rm.RMContainerAllocator,E58, Assigned container container_1520312829716_0001_01_000005 to attempt_1520312829716_0001_m_000003_0,,,,,,,,,,
21:22:44,E55, INFO [RMCommunicator Allocator], org.apache.hadoop.mapreduce.v2.app.rm.RMContainerAllocator,E55, Recalculating schedule, headroom=<memory:2048, vCores:3>,,,,,,,,
21:22:44,E56, INFO [RMCommunicator Allocator], org.apache.hadoop.mapreduce.v2.app.rm.RMContainerAllocator,E56, Reduce slow start threshold not met. completedMapsForReduceSlowstart 1,,,,,,,,,,
21:22:44,E59, INFO [RMCommunicator Allocator], org.apache.hadoop.mapreduce.v2.app.rm.RMContainerAllocator,E59, After Scheduling, PendingReds:1 ScheduledMaps:0 ScheduledReds:0 AssignedMaps:4 AssignedReds:0 CompletedMaps:0 CompletedReds:0 ContAlloc:4 ContRel:0 HostLocal:4 RackLocal:0,,,,,,,,,
21:22:44,E66, INFO [AsyncDispatcher event handler], org.apache.hadoop.mapreduce.v2.app.job.impl.TaskAttemptImpl,E66, attempt_1520312829716_0001_m_000003_0 TaskAttempt Transitioned from UNASSIGNED to ASSIGNED,,,,,,,,,,
21:22:44,E67, INFO [ContainerLauncher #3], org.apache.hadoop.mapreduce.v2.app.launcher.ContainerLauncherImpl,E67, Processing the event EventType, CONTAINER_REMOTE_LAUNCH for container container_1520312829716_0001_01_000005 taskAttempt attempt_1520312829716_0001_m_000003_0,,,,,,,,,
21:22:44,E71, INFO [ContainerLauncher #3], org.apache.hadoop.mapreduce.v2.app.launcher.ContainerLauncherImpl,E71, Launching attempt_1520312829716_0001_m_000003_0,,,,,,,,,,
21:22:44,E72, INFO [ContainerLauncher #3], org.apache.hadoop.mapreduce.v2.app.launcher.ContainerLauncherImpl,E72, Shuffle port returned by ContainerManager for attempt_1520312829716_0001_m_000003_0 ,13562,,,,,,,,,
21:22:44,E73, INFO [AsyncDispatcher event handler], org.apache.hadoop.mapreduce.v2.app.job.impl.TaskAttemptImpl,E73,TaskAttempt: [attempt_1520312829716_0001_m_000003_0] using containerId [container_1520312829716_0001_01_000005 on NM, [quickstart.cloudera:42157],,,,,,,,,
21:22:44,E74, INFO [AsyncDispatcher event handler], org.apache.hadoop.mapreduce.v2.app.job.impl.TaskAttemptImpl,E74, attempt_1520312829716_0001_m_000003_0 TaskAttempt Transitioned from ASSIGNED to RUNNING,,,,,,,,,,
21:22:44,E75, INFO [AsyncDispatcher event handler], org.apache.hadoop.mapreduce.v2.app.speculate.DefaultSpeculator,E75, ATTEMPT_START task_1520312829716_0001_m_000003,,,,,,,,,,
21:22:44,E76, INFO [AsyncDispatcher event handler], org.apache.hadoop.mapreduce.v2.app.job.impl.TaskImpl,E76, task_1520312829716_0001_m_000003 Task Transitioned from SCHEDULED to RUNNING,,,,,,,,,,
21:22:45,E54, INFO [RMCommunicator Allocator], org.apache.hadoop.mapreduce.v2.app.rm.RMContainerRequestor,E54, getResources() for application_1520312829716_0001, ask=3 release= 0 newContainers=1 finishedContainers=0 resourcelimit=<memory:1024, vCores:2> knownNMs=1,,,,,,,,
21:22:45,E57, INFO [RMCommunicator Allocator], org.apache.hadoop.mapreduce.v2.app.rm.RMContainerAllocator,E57, Got allocated containers 1,,,,,,,,,,
21:22:45,E77, INFO [RMCommunicator Allocator], org.apache.hadoop.mapreduce.v2.app.rm.RMContainerAllocator,E77, : Cannot assign container Container: [ContainerId: container_1520312829716_0001_01_000006 NodeId: quickstart.cloudera:42157, NodeHttpAddress: quickstart.cloudera:8042, Resource: <memory:1024, vCores:1>, Priority: 20, Token: Token { kind, ContainerToken, service, 127.0.0.1:42157 }, ] for a map as either  container memory less than required <memory:1024, vCores:1> or no pending map tasks - maps.isEmpty=true
21:22:45,E55, INFO [RMCommunicator Allocator], org.apache.hadoop.mapreduce.v2.app.rm.RMContainerAllocator,E55, Recalculating schedule, headroom=<memory:1024, vCores:2>,,,,,,,,
21:22:45,E56, INFO [RMCommunicator Allocator], org.apache.hadoop.mapreduce.v2.app.rm.RMContainerAllocator,E56, Reduce slow start threshold not met. completedMapsForReduceSlowstart 1,,,,,,,,,,
21:22:45,E59, INFO [RMCommunicator Allocator], org.apache.hadoop.mapreduce.v2.app.rm.RMContainerAllocator,E59, After Scheduling, PendingReds:1 ScheduledMaps:0 ScheduledReds:0 AssignedMaps:4 AssignedReds:0 CompletedMaps:0 CompletedReds:0 ContAlloc:5 ContRel:1 HostLocal:4 RackLocal:0,,,,,,,,,
21:22:46,E54, INFO [RMCommunicator Allocator], org.apache.hadoop.mapreduce.v2.app.rm.RMContainerRequestor,E54, getResources() for application_1520312829716_0001, ask=0 release= 1 newContainers=0 finishedContainers=1 resourcelimit=<memory:2048, vCores:3> knownNMs=1,,,,,,,,
21:22:46,E78, INFO [RMCommunicator Allocator], org.apache.hadoop.mapreduce.v2.app.rm.RMContainerAllocator,E78, Received completed container container_1520312829716_0001_01_000006,,,,,,,,,,
21:22:46,E79, ERROR [RMCommunicator Allocator], org.apache.hadoop.mapreduce.v2.app.rm.RMContainerAllocator,E79, Container complete event for unknown container container_1520312829716_0001_01_000006,,,,,,,,,,
21:22:46,E55, INFO [RMCommunicator Allocator], org.apache.hadoop.mapreduce.v2.app.rm.RMContainerAllocator,E55, Recalculating schedule, headroom=<memory:2048, vCores:3>,,,,,,,,
21:22:46,E56, INFO [RMCommunicator Allocator], org.apache.hadoop.mapreduce.v2.app.rm.RMContainerAllocator,E56, Reduce slow start threshold not met. completedMapsForReduceSlowstart 1,,,,,,,,,,
21:23:01,E80, INFO [Socket Reader #1 for port 54295] SecurityLogger.org.apache.hadoop.ipc.Server, Auth successful for job_1520312829716_0001 (auth:SIMPLE),E80,,,,,,,,,,,
21:23:01,E81, INFO [IPC Server handler 0 on 54295], org.apache.hadoop.mapred.TaskAttemptListenerImpl,E81, JVM with ID , jvm_1520312829716_0001_m_000002 asked for a task,,,,,,,,,
21:23:02,E81, INFO [IPC Server handler 0 on 54295], org.apache.hadoop.mapred.TaskAttemptListenerImpl: JVM with ID,E81, jvm_1520312829716_0001_m_000002 given task, attempt_1520312829716_0001_m_000000_0,,,,,,,,,
21:23:05,E80, INFO [Socket Reader #1 for port 54295] SecurityLogger.org.apache.hadoop.ipc.Server, Auth successful for job_1520312829716_0001 (auth:SIMPLE),E80,,,,,,,,,,,
21:23:05,E81, INFO [IPC Server handler 1 on 54295], org.apache.hadoop.mapred.TaskAttemptListenerImpl,E81, JVM with ID , jvm_1520312829716_0001_m_000003 asked for a task,,,,,,,,,
21:23:05,E81, INFO [IPC Server handler 1 on 54295], org.apache.hadoop.mapred.TaskAttemptListenerImpl: JVM with ID,E81, jvm_1520312829716_0001_m_000003 given task, attempt_1520312829716_0001_m_000001_0,,,,,,,,,
21:23:08,E80, INFO [Socket Reader #1 for port 54295] SecurityLogger.org.apache.hadoop.ipc.Server, Auth successful for job_1520312829716_0001 (auth:SIMPLE),E80,,,,,,,,,,,
21:23:09,E81, INFO [IPC Server handler 1 on 54295], org.apache.hadoop.mapred.TaskAttemptListenerImpl,E81, JVM with ID , jvm_1520312829716_0001_m_000004 asked for a task,,,,,,,,,
21:23:09,E81, INFO [IPC Server handler 1 on 54295], org.apache.hadoop.mapred.TaskAttemptListenerImpl: JVM with ID,E81, jvm_1520312829716_0001_m_000004 given task, attempt_1520312829716_0001_m_000002_0,,,,,,,,,
21:23:12,E80, INFO [Socket Reader #1 for port 54295] SecurityLogger.org.apache.hadoop.ipc.Server, Auth successful for job_1520312829716_0001 (auth:SIMPLE),E80,,,,,,,,,,,
21:23:13,E81, INFO [IPC Server handler 1 on 54295], org.apache.hadoop.mapred.TaskAttemptListenerImpl,E81, JVM with ID , jvm_1520312829716_0001_m_000005 asked for a task,,,,,,,,,
21:23:13,E81, INFO [IPC Server handler 1 on 54295], org.apache.hadoop.mapred.TaskAttemptListenerImpl: JVM with ID,E81, jvm_1520312829716_0001_m_000005 given task, attempt_1520312829716_0001_m_000003_0,,,,,,,,,
21:23:29,E80, INFO [Socket Reader #1 for port 54295] SecurityLogger.org.apache.hadoop.ipc.Server, Auth successful for job_1520312829716_0001 (auth:SIMPLE),E80,,,,,,,,,,,
21:23:30,E80, INFO [Socket Reader #1 for port 54295] SecurityLogger.org.apache.hadoop.ipc.Server, Auth successful for job_1520312829716_0001 (auth:SIMPLE),E80,,,,,,,,,,,
21:23:31,E82, INFO [IPC Server handler 0 on 54295], org.apache.hadoop.mapred.TaskAttemptListenerImpl,E82, Progress of TaskAttempt attempt_1520312829716_0001_m_000000_0 is ,0,,,,,,,,,
21:23:31,E82, INFO [IPC Server handler 1 on 54295], org.apache.hadoop.mapred.TaskAttemptListenerImpl,E82, Progress of TaskAttempt attempt_1520312829716_0001_m_000001_0 is ,0,,,,,,,,,
21:23:32,E82, INFO [IPC Server handler 0 on 54295], org.apache.hadoop.mapred.TaskAttemptListenerImpl,E82, Progress of TaskAttempt attempt_1520312829716_0001_m_000001_0 is ,1,,,,,,,,,
21:23:32,E83, INFO [IPC Server handler 1 on 54295], org.apache.hadoop.mapred.TaskAttemptListenerImpl,E83, Done acknowledgement from attempt_1520312829716_0001_m_000001_0,,,,,,,,,,
21:23:32,E84, INFO [AsyncDispatcher event handler], org.apache.hadoop.mapreduce.v2.app.job.impl.TaskAttemptImpl,E84, attempt_1520312829716_0001_m_000001_0 TaskAttempt Transitioned from RUNNING to SUCCESS_FINISHING_CONTAINER,,,,,,,,,,
21:23:32,E80, INFO [Socket Reader #1 for port 54295] SecurityLogger.org.apache.hadoop.ipc.Server, Auth successful for job_1520312829716_0001 (auth:SIMPLE),E80,,,,,,,,,,,
21:23:33,E85, INFO [AsyncDispatcher event handler], org.apache.hadoop.mapreduce.v2.app.job.impl.TaskImpl,E85, Task succeeded with attempt attempt_1520312829716_0001_m_000001_0,,,,,,,,,,
21:23:33,E86, INFO [AsyncDispatcher event handler], org.apache.hadoop.mapreduce.v2.app.job.impl.TaskImpl,E86, task_1520312829716_0001_m_000001 Task Transitioned from RUNNING to SUCCEEDED,,,,,,,,,,
21:23:33,E87, INFO [AsyncDispatcher event handler], org.apache.hadoop.mapreduce.v2.app.job.impl.JobImpl,E87, Num completed Tasks,1,,,,,,,,,
21:23:33,E88, INFO [DefaultSpeculator background processing], org.apache.hadoop.mapreduce.v2.app.speculate.DefaultSpeculator,E88, DefaultSpeculator.addSpeculativeAttempt -- we are speculating task_1520312829716_0001_m_000000,,,,,,,,,,
21:23:33,E89, INFO [AsyncDispatcher event handler], org.apache.hadoop.mapreduce.v2.app.job.impl.TaskImpl,E89, Scheduling a redundant attempt for task task_1520312829716_0001_m_000000,,,,,,,,,,
21:23:33,E90, INFO [DefaultSpeculator background processing], org.apache.hadoop.mapreduce.v2.app.speculate.DefaultSpeculator,E90, We launched 1 speculations.  Sleeping 15000 milliseconds.,,,,,,,,,,
21:23:33,E82, INFO [IPC Server handler 1 on 54295], org.apache.hadoop.mapred.TaskAttemptListenerImpl,E82, Progress of TaskAttempt attempt_1520312829716_0001_m_000000_0 is ,1,,,,,,,,,
21:23:33,E83, INFO [IPC Server handler 0 on 54295], org.apache.hadoop.mapred.TaskAttemptListenerImpl,E83, Done acknowledgement from attempt_1520312829716_0001_m_000000_0,,,,,,,,,,
21:23:33,E84, INFO [AsyncDispatcher event handler], org.apache.hadoop.mapreduce.v2.app.job.impl.TaskAttemptImpl,E84, attempt_1520312829716_0001_m_000000_0 TaskAttempt Transitioned from RUNNING to SUCCESS_FINISHING_CONTAINER,,,,,,,,,,
21:23:33,E49, INFO [AsyncDispatcher event handler], org.apache.hadoop.mapreduce.v2.app.job.impl.TaskAttemptImpl,E49, attempt_1520312829716_0001_m_000000_1 TaskAttempt Transitioned from NEW to UNASSIGNED,,,,,,,,,,
21:23:33,E85, INFO [AsyncDispatcher event handler], org.apache.hadoop.mapreduce.v2.app.job.impl.TaskImpl,E85, Task succeeded with attempt attempt_1520312829716_0001_m_000000_0,,,,,,,,,,
21:23:33,E91, INFO [AsyncDispatcher event handler], org.apache.hadoop.mapreduce.v2.app.job.impl.TaskImpl,E91, Issuing kill to other attempt attempt_1520312829716_0001_m_000000_1,,,,,,,,,,
21:23:33,E55, INFO [RMCommunicator Allocator], org.apache.hadoop.mapreduce.v2.app.rm.RMContainerAllocator,E55, Recalculating schedule, headroom=<memory:2048, vCores:3>,,,,,,,,
21:23:33,E57, INFO [RMCommunicator Allocator], org.apache.hadoop.mapreduce.v2.app.rm.RMContainerAllocator,E57, Reduce slow start threshold reached. Scheduling reduces.,,,,,,,,,,
21:23:33,E92, INFO [RMCommunicator Allocator], org.apache.hadoop.mapreduce.v2.app.rm.RMContainerAllocator,E92, All maps assigned. Ramping up all remaining reduces:1,,,,,,,,,,
21:23:33,E59, INFO [RMCommunicator Allocator], org.apache.hadoop.mapreduce.v2.app.rm.RMContainerAllocator,E59, After Scheduling, PendingReds:0 ScheduledMaps:0 ScheduledReds:1 AssignedMaps:4 AssignedReds:0 CompletedMaps:1 CompletedReds:0 ContAlloc:5 ContRel:1 HostLocal:4 RackLocal:0,,,,,,,,,
21:23:33,E86, INFO [AsyncDispatcher event handler], org.apache.hadoop.mapreduce.v2.app.job.impl.TaskImpl,E86, task_1520312829716_0001_m_000000 Task Transitioned from RUNNING to SUCCEEDED,,,,,,,,,,
21:23:33,E87, INFO [AsyncDispatcher event handler], org.apache.hadoop.mapreduce.v2.app.job.impl.JobImpl,E87, Num completed Tasks,2,,,,,,,,,
21:23:33,E93, INFO [AsyncDispatcher event handler], org.apache.hadoop.mapreduce.v2.app.job.impl.TaskAttemptImpl,E93, attempt_1520312829716_0001_m_000000_1 TaskAttempt Transitioned from UNASSIGNED to KILLED,,,,,,,,,,
21:23:33,E68, INFO [Thread-53], org.apache.hadoop.mapreduce.v2.app.rm.RMContainerAllocator,E68, Processing the event EventType, CONTAINER_DEALLOCATE,,,,,,,,,
21:23:34,E53, INFO [RMCommunicator Allocator], org.apache.hadoop.mapreduce.v2.app.rm.RMContainerAllocator,E53, Before Scheduling, PendingReds:0 ScheduledMaps:0 ScheduledReds:1 AssignedMaps:4 AssignedReds:0 CompletedMaps:2 CompletedReds:0 ContAlloc:5 ContRel:1 HostLocal:4 RackLocal:0,,,,,,,,,
21:23:34,E54, INFO [RMCommunicator Allocator], org.apache.hadoop.mapreduce.v2.app.rm.RMContainerRequestor,E54, getResources() for application_1520312829716_0001, ask=4 release= 0 newContainers=0 finishedContainers=0 resourcelimit=<memory:2048, vCores:3> knownNMs=1,,,,,,,,
21:23:34,E80, INFO [Socket Reader #1 for port 54295] SecurityLogger.org.apache.hadoop.ipc.Server, Auth successful for job_1520312829716_0001 (auth:SIMPLE),E80,,,,,,,,,,,
21:23:35,E82, INFO [IPC Server handler 2 on 54295], org.apache.hadoop.mapred.TaskAttemptListenerImpl,E82, Progress of TaskAttempt attempt_1520312829716_0001_m_000002_0 is ,0,,,,,,,,,
21:23:35,E78, INFO [RMCommunicator Allocator], org.apache.hadoop.mapreduce.v2.app.rm.RMContainerAllocator,E78, Received completed container container_1520312829716_0001_01_000003,,,,,,,,,,
21:23:35,E94, INFO [AsyncDispatcher event handler], org.apache.hadoop.mapreduce.v2.app.job.impl.TaskAttemptImpl,E94, Diagnostics report from attempt_1520312829716_0001_m_000001_0, ,,,,,,,,,
21:23:35,E78, INFO [RMCommunicator Allocator], org.apache.hadoop.mapreduce.v2.app.rm.RMContainerAllocator,E78, Received completed container container_1520312829716_0001_01_000002,,,,,,,,,,
21:23:35,E57, INFO [RMCommunicator Allocator], org.apache.hadoop.mapreduce.v2.app.rm.RMContainerAllocator,E57, Got allocated containers 1,,,,,,,,,,
21:23:35,E95, INFO [RMCommunicator Allocator], org.apache.hadoop.mapreduce.v2.app.rm.RMContainerAllocator,E95, Assigned to reduce,,,,,,,,,,
21:23:35,E58, INFO [RMCommunicator Allocator], org.apache.hadoop.mapreduce.v2.app.rm.RMContainerAllocator,E58, Assigned container container_1520312829716_0001_01_000007 to attempt_1520312829716_0001_r_000000_0,,,,,,,,,,
21:23:35,E59, INFO [RMCommunicator Allocator], org.apache.hadoop.mapreduce.v2.app.rm.RMContainerAllocator,E59, After Scheduling, PendingReds:0 ScheduledMaps:0 ScheduledReds:0 AssignedMaps:2 AssignedReds:1 CompletedMaps:2 CompletedReds:0 ContAlloc:6 ContRel:1 HostLocal:4 RackLocal:0,,,,,,,,,
21:23:35,E96, INFO [AsyncDispatcher event handler], org.apache.hadoop.mapreduce.v2.app.job.impl.TaskAttemptImpl,E96, attempt_1520312829716_0001_m_000001_0 TaskAttempt Transitioned from SUCCESS_FINISHING_CONTAINER to SUCCEEDED,,,,,,,,,,
21:23:35,E94, INFO [AsyncDispatcher event handler], org.apache.hadoop.mapreduce.v2.app.job.impl.TaskAttemptImpl,E94, Diagnostics report from attempt_1520312829716_0001_m_000000_0, ,,,,,,,,,
21:23:35,E96, INFO [AsyncDispatcher event handler], org.apache.hadoop.mapreduce.v2.app.job.impl.TaskAttemptImpl,E96, attempt_1520312829716_0001_m_000000_0 TaskAttempt Transitioned from SUCCESS_FINISHING_CONTAINER to SUCCEEDED,,,,,,,,,,
21:23:35,E65, INFO [AsyncDispatcher event handler], org.apache.hadoop.mapred.JobConf,E65, Task java-opts do not specify heap size. Setting task attempt jvm max heap size to -Xmx820m,,,,,,,,,,
21:23:35,E66, INFO [AsyncDispatcher event handler], org.apache.hadoop.mapreduce.v2.app.job.impl.TaskAttemptImpl,E66, attempt_1520312829716_0001_r_000000_0 TaskAttempt Transitioned from UNASSIGNED to ASSIGNED,,,,,,,,,,
21:23:35,E69, INFO [ContainerLauncher #4], org.apache.hadoop.mapreduce.v2.app.launcher.ContainerLauncherImpl,E69, Processing the event EventType, CONTAINER_COMPLETED for container container_1520312829716_0001_01_000003 taskAttempt attempt_1520312829716_0001_m_000001_0,,,,,,,,,
21:23:35,E69, INFO [ContainerLauncher #5], org.apache.hadoop.mapreduce.v2.app.launcher.ContainerLauncherImpl,E69, Processing the event EventType, CONTAINER_COMPLETED for container container_1520312829716_0001_01_000002 taskAttempt attempt_1520312829716_0001_m_000000_0,,,,,,,,,
21:23:35,E67, INFO [ContainerLauncher #6], org.apache.hadoop.mapreduce.v2.app.launcher.ContainerLauncherImpl,E67, Processing the event EventType, CONTAINER_REMOTE_LAUNCH for container container_1520312829716_0001_01_000007 taskAttempt attempt_1520312829716_0001_r_000000_0,,,,,,,,,
21:23:35,E71, INFO [ContainerLauncher #6], org.apache.hadoop.mapreduce.v2.app.launcher.ContainerLauncherImpl,E71, Launching attempt_1520312829716_0001_r_000000_0,,,,,,,,,,
21:23:36,E72, INFO [ContainerLauncher #6], org.apache.hadoop.mapreduce.v2.app.launcher.ContainerLauncherImpl,E72, Shuffle port returned by ContainerManager for attempt_1520312829716_0001_r_000000_0 ,13562,,,,,,,,,
21:23:36,E73, INFO [AsyncDispatcher event handler], org.apache.hadoop.mapreduce.v2.app.job.impl.TaskAttemptImpl,E73,TaskAttempt: [attempt_1520312829716_0001_r_000000_0] using containerId [container_1520312829716_0001_01_000007 on NM, [quickstart.cloudera:42157],,,,,,,,,
21:23:36,E74, INFO [AsyncDispatcher event handler], org.apache.hadoop.mapreduce.v2.app.job.impl.TaskAttemptImpl,E74, attempt_1520312829716_0001_r_000000_0 TaskAttempt Transitioned from ASSIGNED to RUNNING,,,,,,,,,,
21:23:36,E75, INFO [AsyncDispatcher event handler], org.apache.hadoop.mapreduce.v2.app.speculate.DefaultSpeculator,E75, ATTEMPT_START task_1520312829716_0001_r_000000,,,,,,,,,,
21:23:36,E76, INFO [AsyncDispatcher event handler], org.apache.hadoop.mapreduce.v2.app.job.impl.TaskImpl,E76, task_1520312829716_0001_r_000000 Task Transitioned from SCHEDULED to RUNNING,,,,,,,,,,
21:23:36,E82, INFO [IPC Server handler 2 on 54295], org.apache.hadoop.mapred.TaskAttemptListenerImpl,E82, Progress of TaskAttempt attempt_1520312829716_0001_m_000002_0 is ,1,,,,,,,,,
21:23:36,E83, INFO [IPC Server handler 28 on 54295], org.apache.hadoop.mapred.TaskAttemptListenerImpl,E83, Done acknowledgement from attempt_1520312829716_0001_m_000002_0,,,,,,,,,,
21:23:36,E84, INFO [AsyncDispatcher event handler], org.apache.hadoop.mapreduce.v2.app.job.impl.TaskAttemptImpl,E84, attempt_1520312829716_0001_m_000002_0 TaskAttempt Transitioned from RUNNING to SUCCESS_FINISHING_CONTAINER,,,,,,,,,,
21:23:36,E85, INFO [AsyncDispatcher event handler], org.apache.hadoop.mapreduce.v2.app.job.impl.TaskImpl,E85, Task succeeded with attempt attempt_1520312829716_0001_m_000002_0,,,,,,,,,,
21:23:36,E86, INFO [AsyncDispatcher event handler], org.apache.hadoop.mapreduce.v2.app.job.impl.TaskImpl,E86, task_1520312829716_0001_m_000002 Task Transitioned from RUNNING to SUCCEEDED,,,,,,,,,,
21:23:36,E87, INFO [AsyncDispatcher event handler], org.apache.hadoop.mapreduce.v2.app.job.impl.JobImpl,E87, Num completed Tasks,3,,,,,,,,,
21:23:36,E82, INFO [IPC Server handler 25 on 54295], org.apache.hadoop.mapred.TaskAttemptListenerImpl,E82, Progress of TaskAttempt attempt_1520312829716_0001_m_000003_0 is ,0,,,,,,,,,
21:23:36,E82, INFO [IPC Server handler 4 on 54295], org.apache.hadoop.mapred.TaskAttemptListenerImpl,E82, Progress of TaskAttempt attempt_1520312829716_0001_m_000003_0 is ,1,,,,,,,,,
21:23:36,E53, INFO [RMCommunicator Allocator], org.apache.hadoop.mapreduce.v2.app.rm.RMContainerAllocator,E53, Before Scheduling, PendingReds:0 ScheduledMaps:0 ScheduledReds:0 AssignedMaps:2 AssignedReds:1 CompletedMaps:3 CompletedReds:0 ContAlloc:6 ContRel:1 HostLocal:4 RackLocal:0,,,,,,,,,
21:23:36,E54, INFO [RMCommunicator Allocator], org.apache.hadoop.mapreduce.v2.app.rm.RMContainerRequestor,E54, getResources() for application_1520312829716_0001, ask=1 release= 0 newContainers=0 finishedContainers=0 resourcelimit=<memory:3072, vCores:4> knownNMs=1,,,,,,,,
21:23:36,E83, INFO [IPC Server handler 2 on 54295], org.apache.hadoop.mapred.TaskAttemptListenerImpl,E83, Done acknowledgement from attempt_1520312829716_0001_m_000003_0,,,,,,,,,,
21:23:36,E84, INFO [AsyncDispatcher event handler], org.apache.hadoop.mapreduce.v2.app.job.impl.TaskAttemptImpl,E84, attempt_1520312829716_0001_m_000003_0 TaskAttempt Transitioned from RUNNING to SUCCESS_FINISHING_CONTAINER,,,,,,,,,,
21:23:36,E85, INFO [AsyncDispatcher event handler], org.apache.hadoop.mapreduce.v2.app.job.impl.TaskImpl,E85, Task succeeded with attempt attempt_1520312829716_0001_m_000003_0,,,,,,,,,,
21:23:36,E86, INFO [AsyncDispatcher event handler], org.apache.hadoop.mapreduce.v2.app.job.impl.TaskImpl,E86, task_1520312829716_0001_m_000003 Task Transitioned from RUNNING to SUCCEEDED,,,,,,,,,,
21:23:36,E87, INFO [AsyncDispatcher event handler], org.apache.hadoop.mapreduce.v2.app.job.impl.JobImpl,E87, Num completed Tasks,4,,,,,,,,,
21:23:37,E53, INFO [RMCommunicator Allocator], org.apache.hadoop.mapreduce.v2.app.rm.RMContainerAllocator,E53, Before Scheduling, PendingReds:0 ScheduledMaps:0 ScheduledReds:0 AssignedMaps:2 AssignedReds:1 CompletedMaps:4 CompletedReds:0 ContAlloc:6 ContRel:1 HostLocal:4 RackLocal:0,,,,,,,,,
21:23:37,E78, INFO [RMCommunicator Allocator], org.apache.hadoop.mapreduce.v2.app.rm.RMContainerAllocator,E78, Received completed container container_1520312829716_0001_01_000004,,,,,,,,,,
21:23:37,E94, INFO [AsyncDispatcher event handler], org.apache.hadoop.mapreduce.v2.app.job.impl.TaskAttemptImpl,E94, Diagnostics report from attempt_1520312829716_0001_m_000002_0, ,,,,,,,,,
21:23:37,E96, INFO [AsyncDispatcher event handler], org.apache.hadoop.mapreduce.v2.app.job.impl.TaskAttemptImpl,E96, attempt_1520312829716_0001_m_000002_0 TaskAttempt Transitioned from SUCCESS_FINISHING_CONTAINER to SUCCEEDED,,,,,,,,,,
21:23:37,E78, INFO [RMCommunicator Allocator], org.apache.hadoop.mapreduce.v2.app.rm.RMContainerAllocator,E78, Received completed container container_1520312829716_0001_01_000005,,,,,,,,,,
21:23:37,E94, INFO [AsyncDispatcher event handler], org.apache.hadoop.mapreduce.v2.app.job.impl.TaskAttemptImpl,E94, Diagnostics report from attempt_1520312829716_0001_m_000003_0, ,,,,,,,,,
21:23:37,E96, INFO [AsyncDispatcher event handler], org.apache.hadoop.mapreduce.v2.app.job.impl.TaskAttemptImpl,E96, attempt_1520312829716_0001_m_000003_0 TaskAttempt Transitioned from SUCCESS_FINISHING_CONTAINER to SUCCEEDED,,,,,,,,,,
21:23:37,E59, INFO [RMCommunicator Allocator], org.apache.hadoop.mapreduce.v2.app.rm.RMContainerAllocator,E59, After Scheduling, PendingReds:0 ScheduledMaps:0 ScheduledReds:0 AssignedMaps:0 AssignedReds:1 CompletedMaps:4 CompletedReds:0 ContAlloc:6 ContRel:1 HostLocal:4 RackLocal:0,,,,,,,,,
21:23:37,E69, INFO [ContainerLauncher #7], org.apache.hadoop.mapreduce.v2.app.launcher.ContainerLauncherImpl,E69, Processing the event EventType, CONTAINER_COMPLETED for container container_1520312829716_0001_01_000004 taskAttempt attempt_1520312829716_0001_m_000002_0,,,,,,,,,
21:23:37,E69, INFO [ContainerLauncher #8], org.apache.hadoop.mapreduce.v2.app.launcher.ContainerLauncherImpl,E69, Processing the event EventType, CONTAINER_COMPLETED for container container_1520312829716_0001_01_000005 taskAttempt attempt_1520312829716_0001_m_000003_0,,,,,,,,,
21:23:47,E80, INFO [Socket Reader #1 for port 54295] SecurityLogger.org.apache.hadoop.ipc.Server, Auth successful for job_1520312829716_0001 (auth:SIMPLE),E80,,,,,,,,,,,
21:23:47,E81, INFO [IPC Server handler 26 on 54295], org.apache.hadoop.mapred.TaskAttemptListenerImpl,E81, JVM with ID , jvm_1520312829716_0001_r_000007 asked for a task,,,,,,,,,
21:23:47,E81, INFO [IPC Server handler 26 on 54295], org.apache.hadoop.mapred.TaskAttemptListenerImpl: JVM with ID,E81, jvm_1520312829716_0001_r_000007 given task, attempt_1520312829716_0001_r_000000_0,,,,,,,,,
21:23:50,E97, INFO [IPC Server handler 4 on 54295], org.apache.hadoop.mapred.TaskAttemptListenerImpl,E97, MapCompletionEvents request from attempt_1520312829716_0001_r_000000_0. startIndex 0 maxEvents 10000,,,,,,,,,,
21:23:51,E82, INFO [IPC Server handler 4 on 54295], org.apache.hadoop.mapred.TaskAttemptListenerImpl,E82, Progress of TaskAttempt attempt_1520312829716_0001_r_000000_0 is ,0,,,,,,,,,
21:23:51,E82, INFO [IPC Server handler 28 on 54295], org.apache.hadoop.mapred.TaskAttemptListenerImpl,E82, Progress of TaskAttempt attempt_1520312829716_0001_r_000000_0 is ,0,,,,,,,,,
21:23:53,E98, INFO [IPC Server handler 25 on 54295], org.apache.hadoop.mapred.TaskAttemptListenerImpl,E98, Commit-pending state update from attempt_1520312829716_0001_r_000000_0,,,,,,,,,,
21:23:53,E99, INFO [AsyncDispatcher event handler], org.apache.hadoop.mapreduce.v2.app.job.impl.TaskAttemptImpl,E99, attempt_1520312829716_0001_r_000000_0 TaskAttempt Transitioned from RUNNING to COMMIT_PENDING,,,,,,,,,,
21:23:53,E100, INFO [AsyncDispatcher event handler], org.apache.hadoop.mapreduce.v2.app.job.impl.TaskImpl,E100, attempt_1520312829716_0001_r_000000_0 given a go for committing the task output.,,,,,,,,,,
21:23:53,E101, INFO [IPC Server handler 26 on 54295], org.apache.hadoop.mapred.TaskAttemptListenerImpl,E101, Commit go/no-go request from attempt_1520312829716_0001_r_000000_0,,,,,,,,,,
21:23:53,E102, INFO [IPC Server handler 26 on 54295], org.apache.hadoop.mapreduce.v2.app.job.impl.TaskImpl,E102, Result of canCommit for attempt_1520312829716_0001_r_000000_0:true,,,,,,,,,,
21:23:53,E82, INFO [IPC Server handler 29 on 54295], org.apache.hadoop.mapred.TaskAttemptListenerImpl,E82, Progress of TaskAttempt attempt_1520312829716_0001_r_000000_0 is ,1,,,,,,,,,
21:23:53,E83, INFO [IPC Server handler 24 on 54295], org.apache.hadoop.mapred.TaskAttemptListenerImpl,E83, Done acknowledgement from attempt_1520312829716_0001_r_000000_0,,,,,,,,,,
21:23:53,E103, INFO [AsyncDispatcher event handler], org.apache.hadoop.mapreduce.v2.app.job.impl.TaskAttemptImpl,E103, attempt_1520312829716_0001_r_000000_0 TaskAttempt Transitioned from COMMIT_PENDING to SUCCESS_FINISHING_CONTAINER,,,,,,,,,,
21:23:53,E85, INFO [AsyncDispatcher event handler], org.apache.hadoop.mapreduce.v2.app.job.impl.TaskImpl,E85, Task succeeded with attempt attempt_1520312829716_0001_r_000000_0,,,,,,,,,,
21:23:53,E86, INFO [AsyncDispatcher event handler], org.apache.hadoop.mapreduce.v2.app.job.impl.TaskImpl,E86, task_1520312829716_0001_r_000000 Task Transitioned from RUNNING to SUCCEEDED,,,,,,,,,,
21:23:53,E87, INFO [AsyncDispatcher event handler], org.apache.hadoop.mapreduce.v2.app.job.impl.JobImpl,E87, Num completed Tasks,5,,,,,,,,,
21:23:53,E104, INFO [AsyncDispatcher event handler], org.apache.hadoop.mapreduce.v2.app.job.impl.JobImpl,E104, job_1520312829716_0001Job Transitioned from RUNNING to COMMITTING,,,,,,,,,,
21:23:53,E70, INFO [CommitterEvent Processor #1], org.apache.hadoop.mapreduce.v2.app.commit.CommitterEventHandler,E70, Processing the event EventType, JOB_COMMIT,,,,,,,,,
21:23:53,E105, INFO [AsyncDispatcher event handler], org.apache.hadoop.mapreduce.v2.app.job.impl.JobImpl,E105, Calling handler for JobFinishedEvent ,,,,,,,,,,
21:23:53,E106, INFO [AsyncDispatcher event handler], org.apache.hadoop.mapreduce.v2.app.job.impl.JobImpl,E106, job_1520312829716_0001Job Transitioned from COMMITTING to SUCCEEDED,,,,,,,,,,
21:23:53,E107, INFO [Thread-81], org.apache.hadoop.mapreduce.v2.app.MRAppMaster,E107, We are finishing cleanly so this is the last retry,,,,,,,,,,
21:23:53,E108, INFO [Thread-81], org.apache.hadoop.mapreduce.v2.app.MRAppMaster,E108, Notify RMCommunicator isAMLastRetry, true,,,,,,,,,
21:23:53,E109, INFO [Thread-81], org.apache.hadoop.mapreduce.v2.app.rm.RMContainerAllocator,E109, RMCommunicator notified that shouldUnregistered is, true,,,,,,,,,
21:23:53,E110, INFO [Thread-81], org.apache.hadoop.mapreduce.v2.app.MRAppMaster,E110, Notify JHEH isAMLastRetry, true,,,,,,,,,
21:23:53,E111, INFO [Thread-81], org.apache.hadoop.mapreduce.jobhistory.JobHistoryEventHandler,E111, JobHistoryEventHandler notified that forceJobCompletion is true,,,,,,,,,,
21:23:53,E112, INFO [Thread-81], org.apache.hadoop.mapreduce.v2.app.MRAppMaster,E112, Calling stop for all the services,,,,,,,,,,
21:23:53,E113, INFO [Thread-81], org.apache.hadoop.mapreduce.jobhistory.JobHistoryEventHandler,E113, Stopping JobHistoryEventHandler. Size of the outstanding queue size is 0,,,,,,,,,,
21:23:53,E114, WARN [DataStreamer for file /tmp/hadoop-yarn/staging/history/done_intermediate/cloudera/job_1520312829716_0001.summary_tmp], org.apache.hadoop.hdfs.DFSClient,E114, Caught exception ,,,,,,,,,,
java.lang.InterruptedException,,,,,,,,,,,,,,,
"	at java.lang.Object.wait(Native Method)",,,,,,,,,,,,,,,
"	at java.lang.Thread.join(Thread.java:1281)",,,,,,,,,,,,,,,
"	at java.lang.Thread.join(Thread.java:1355)",,,,,,,,,,,,,,,
"	at org.apache.hadoop.hdfs.DFSOutputStream$DataStreamer.closeResponder(DFSOutputStream.java:952)",,,,,,,,,,,,,,,
"	at org.apache.hadoop.hdfs.DFSOutputStream$DataStreamer.endBlock(DFSOutputStream.java:690)",,,,,,,,,,,,,,,
"	at org.apache.hadoop.hdfs.DFSOutputStream$DataStreamer.run(DFSOutputStream.java:879)",,,,,,,,,,,,,,,
21:23:53,E115, INFO [eventHandlingThread], org.apache.hadoop.mapreduce.jobhistory.JobHistoryEventHandler,E115, Copying hdfs://quickstart.cloudera:8020/tmp/hadoop-yarn/staging/cloudera/.staging/job_1520312829716_0001/job_1520312829716_0001_1.jhist to hdfs://quickstart.cloudera:8020/tmp/hadoop-yarn/staging/history/done_intermediate/cloudera/job_1520312829716_0001-1520313743973-cloudera-wordcount-1520313833297-4-1-SUCCEEDED-root.cloudera-1520313758952.jhist_tmp,,,,,,,,,,
21:23:53,E116, INFO [eventHandlingThread], org.apache.hadoop.mapreduce.jobhistory.JobHistoryEventHandler,E116, Copied to done location, hdfs://quickstart.cloudera:8020/tmp/hadoop-yarn/staging/history/done_intermediate/cloudera/job_1520312829716_0001-1520313743973-cloudera-wordcount-1520313833297-4-1-SUCCEEDED-root.cloudera-1520313758952.jhist_tmp,,,,,,,,,
21:23:53,E115, INFO [eventHandlingThread], org.apache.hadoop.mapreduce.jobhistory.JobHistoryEventHandler,E115, Copying hdfs://quickstart.cloudera:8020/tmp/hadoop-yarn/staging/cloudera/.staging/job_1520312829716_0001/job_1520312829716_0001_1_conf.xml to hdfs://quickstart.cloudera:8020/tmp/hadoop-yarn/staging/history/done_intermediate/cloudera/job_1520312829716_0001_conf.xml_tmp,,,,,,,,,,
21:23:53,E116, INFO [eventHandlingThread], org.apache.hadoop.mapreduce.jobhistory.JobHistoryEventHandler,E116, Copied to done location, hdfs://quickstart.cloudera:8020/tmp/hadoop-yarn/staging/history/done_intermediate/cloudera/job_1520312829716_0001_conf.xml_tmp,,,,,,,,,
21:23:53,E117, INFO [eventHandlingThread], org.apache.hadoop.mapreduce.jobhistory.JobHistoryEventHandler,E117, Moved tmp to done, hdfs://quickstart.cloudera:8020/tmp/hadoop-yarn/staging/history/done_intermediate/cloudera/job_1520312829716_0001.summary_tmp to hdfs://quickstart.cloudera:8020/tmp/hadoop-yarn/staging/history/done_intermediate/cloudera/job_1520312829716_0001.summary,,,,,,,,,
21:23:53,E117, INFO [eventHandlingThread], org.apache.hadoop.mapreduce.jobhistory.JobHistoryEventHandler,E117, Moved tmp to done, hdfs://quickstart.cloudera:8020/tmp/hadoop-yarn/staging/history/done_intermediate/cloudera/job_1520312829716_0001_conf.xml_tmp to hdfs://quickstart.cloudera:8020/tmp/hadoop-yarn/staging/history/done_intermediate/cloudera/job_1520312829716_0001_conf.xml,,,,,,,,,
21:23:53,E117, INFO [eventHandlingThread], org.apache.hadoop.mapreduce.jobhistory.JobHistoryEventHandler,E117, Moved tmp to done, hdfs://quickstart.cloudera:8020/tmp/hadoop-yarn/staging/history/done_intermediate/cloudera/job_1520312829716_0001-1520313743973-cloudera-wordcount-1520313833297-4-1-SUCCEEDED-root.cloudera-1520313758952.jhist_tmp to hdfs://quickstart.cloudera:8020/tmp/hadoop-yarn/staging/history/done_intermediate/cloudera/job_1520312829716_0001-1520313743973-cloudera-wordcount-1520313833297-4-1-SUCCEEDED-root.cloudera-1520313758952.jhist,,,,,,,,,
21:23:53,E118, INFO [Thread-81], org.apache.hadoop.mapreduce.jobhistory.JobHistoryEventHandler,E118, Stopped JobHistoryEventHandler. super.stop(),,,,,,,,,,
21:23:53,E119, INFO [Thread-81], org.apache.hadoop.mapreduce.v2.app.launcher.ContainerLauncherImpl,E119, KILLING attempt_1520312829716_0001_r_000000_0,,,,,,,,,,
21:23:53,E96, INFO [AsyncDispatcher event handler], org.apache.hadoop.mapreduce.v2.app.job.impl.TaskAttemptImpl,E96, attempt_1520312829716_0001_r_000000_0 TaskAttempt Transitioned from SUCCESS_FINISHING_CONTAINER to SUCCEEDED,,,,,,,,,,
21:23:53,E120, INFO [Thread-81], org.apache.hadoop.mapreduce.v2.app.rm.RMContainerAllocator,E120, Setting job diagnostics to ,,,,,,,,,,
21:23:53,E121, INFO [Thread-81], org.apache.hadoop.mapreduce.v2.app.rm.RMContainerAllocator,E121, History url is http://quickstart.cloudera:19888/jobhistory/job/job_1520312829716_0001,,,,,,,,,,
21:23:53,E122, INFO [Thread-81], org.apache.hadoop.mapreduce.v2.app.rm.RMContainerAllocator,E122, Waiting for application to be successfully unregistered.,,,,,,,,,,
21:23:54,E123, INFO [Thread-81], org.apache.hadoop.mapreduce.v2.app.rm.RMContainerAllocator,E123, Final Stats, PendingReds:0 ScheduledMaps:0 ScheduledReds:0 AssignedMaps:0 AssignedReds:1 CompletedMaps:4 CompletedReds:0 ContAlloc:6 ContRel:1 HostLocal:4 RackLocal:0,,,,,,,,,
21:23:54,E124, INFO [Thread-81], org.apache.hadoop.mapreduce.v2.app.MRAppMaster,E124, Deleting staging directory hdfs://quickstart.cloudera:8020 /tmp/hadoop-yarn/staging/cloudera/.staging/job_1520312829716_0001,,,,,,,,,,
21:23:54,E125, INFO [Thread-81], org.apache.hadoop.ipc.Server,E125, Stopping server on 54295,,,,,,,,,,
21:23:54,E126, INFO [IPC Server listener on 54295], org.apache.hadoop.ipc.Server,E126, Stopping IPC Server listener on 54295,,,,,,,,,,
21:23:54,E127, INFO [IPC Server Responder], org.apache.hadoop.ipc.Server,E127, Stopping IPC Server Responder,,,,,,,,,,
21:23:54,E128, INFO [TaskHeartbeatHandler PingChecker], org.apache.hadoop.mapreduce.v2.app.TaskHeartbeatHandler,E128, TaskHeartbeatHandler thread interrupted,,,,,,,,,,
21:23:54,E129, INFO [Ping Checker], org.apache.hadoop.yarn.util.AbstractLivelinessMonitor,E129, TaskAttemptFinishingMonitor thread interrupted,,,,,,,,,,
21:23:59,E125, INFO [Thread-81], org.apache.hadoop.ipc.Server,E125, Stopping server on 57886,,,,,,,,,,
21:23:59,E127, INFO [IPC Server Responder], org.apache.hadoop.ipc.Server,E127, Stopping IPC Server Responder,,,,,,,,,,
21:23:59,E126, INFO [IPC Server listener on 57886], org.apache.hadoop.ipc.Server,E126, Stopping IPC Server listener on 57886,,,,,,,,,,
21:23:59,E130, INFO [Thread-81], org.mortbay.log,E130, Stopped HttpServer2$SelectChannelConnectorWithSafeStartup@0.0.0.0:0,,,,,,,,,,
